Q,A,label
그냥 밥먹었지,그러시군요,
그냥 집밥,그러시군요,
밥,그러시군요,
집밥,그러시군요,
집에 있는거,그러시군요,
그냥 아무거나,그러시군요,
아무거나,그러시군요,
그냥 앞에 있는거,그러시군요,
앞에있는거,그러시군요,
설렁탕,맛있는걸 드셨군요!,
추어탕,맛있는걸 드셨군요!,
중식,맛있는걸 드셨군요!,
짜장면,맛있는걸 드셨군요!,
부대찌개,맛있는걸 드셨군요!,
짜장면이랑 탕수육,맛있는걸 드셨군요!,
냉면,맛있는걸 드셨군요!,
냉면 먹었어,맛있는걸 드셨군요!,
짜장면 먹었어,맛있는걸 드셨군요!,
볶음밥 먹었어,맛있는걸 드셨군요!,
부대찌개 먹었어,맛있는걸 드셨군요!,
국밥,맛있는걸 드셨군요!,
국밥 먹었어,맛있는걸 드셨군요!,
중식 먹었어,맛있는걸 드셨군요!,
양식,맛있는걸 드셨군요!,
양식 먹었어,맛있는걸 드셨군요!,
파스타 먹었어,맛있는걸 드셨군요!,
파스타,맛있는걸 드셨군요!,
피자,맛있는걸 드셨군요!,
피자 먹었어,맛있는걸 드셨군요!,
먹었어,맛있는걸 드셨군요!,
치킨 먹었어,맛있는걸 드셨군요!,
치킨,맛있는걸 드셨군요!,
케이크,맛있는걸 드셨군요!,
케이크 먹었어,맛있는걸 드셨군요!,
샌드위치,맛있는걸 드셨군요!,
샌드위치 먹었어,맛있는걸 드셨군요!,
라면,맛있는걸 드셨군요!,
라면 먹었어,맛있는걸 드셨군요!,
콩나물 국밥,맛있는걸 드셨군요!,
콩나물국밥 먹었어,맛있는걸 드셨군요!,
떡볶이,맛있는걸 드셨군요!,
떡볶이 먹었어,맛있는걸 드셨군요!,
분식,맛있는걸 드셨군요!,
분식 먹었어,맛있는걸 드셨군요!,
김밥,맛있는걸 드셨군요!,
김밥 먹었어,맛있는걸 드셨군요!,
그냥 떼웠어,"저런, 그러시군요",
대충 떼웠어,"저런, 그러시군요",
대충 먹었어,"저런, 그러시군요",
아무거나 주워먹었어,"저런, 그러시군요",
맛있는거 먹었어,부럽습니다!,
완전 맛있는거,부럽습니다!,
jmt,부럽습니다!,
존맛탱인거,부럽습니다!,
완전 맛난거,부럽습니다!,
맛난거,부럽습니다!,
맛도리 식당 갔어,부럽습니다!,
맛집 갔어,부럽습니다!,
맛집에서 먹었어,부럽습니다!,
맛난거 먹었지롱,부럽습니다!,
맛있는거 먹었지롱,부럽습니다!,
스시 먹었어,부럽습니다!,
스시,부럽습니다!,
비싼거 먹었어,부럽습니다!,
비싼거,부럽습니다!,
프랑스 음식,부럽습니다!,
과자,"저런, 그러시군요, 조금 더 든든하게 드시지 그러셨어요",
일식,맛있는걸 드셨군요!,
일식 먹었어,맛있는걸 드셨군요!,
한식,맛있는걸 드셨군요!,
한식 먹었어,맛있는걸 드셨군요!,
김치찌개,맛있는걸 드셨군요!,
김치찌개 먹었어,맛있는걸 드셨군요!,
된장찌개,맛있는걸 드셨군요!,
된장찌개 먹었어,맛있는걸 드셨군요!,
샤브샤브,맛있는걸 드셨군요!,
샤브샤브 먹었어,맛있는걸 드셨군요!,
칼국수,맛있는걸 드셨군요!,
칼국수 먹었어,맛있는걸 드셨군요!,
쭈꾸미,맛있는걸 드셨군요!,
쭈꾸미 먹었어,맛있는걸 드셨군요!,
낙곱새,맛있는걸 드셨군요!,
낙곱새 먹었어,맛있는걸 드셨군요!,
삼겹살,맛있는걸 드셨군요!,
삼겹살 먹었어,맛있는걸 드셨군요!,
시리얼 먹었어,"저런, 그러시군요, 조금 더 든든하게 드시지 그러셨어요",
시리얼,"저런, 그러시군요, 조금 더 든든하게 드시지 그러셨어요",
아직 못먹었어,"저런, 그러시군요",
못했어,"저런, 그러시군요",
못먹었어,"저런, 그러시군요",
배고파,"저런, 그러시군요",
아직 안먹었어,"저런, 그러시군요",
아직이야,"저런, 그러시군요",
안먹었어,"저런, 그러시군요",
초밥,맛있는걸 드셨군요!,
초밥 먹었어,맛있는걸 드셨군요!,
굶었어,"저런, 그러시군요",
다이어트 중이야,"저런, 그러시군요",
다이어트 때문에 안먹었어,"저런, 그러시군요",
닭가슴살,"저런, 그러시군요, 조금 더 든든하게 드시지 그러셨어요",
닭가슴살 먹었어,"저런, 그러시군요, 조금 더 든든하게 드시지 그러셨어요",
삼분 카레,"저런, 그러시군요, 조금 더 든든하게 드시지 그러셨어요",
카레,맛있는걸 드셨군요!,
카레 먹었어,맛있는걸 드셨군요!,
맛없는거,"저런, 그러시군요",
맛없는거 먹었어,"저런, 그러시군요",
몰라 짜증나,"저런, 그러시군요",
몰라 ,"저런, 그러시군요",
만두 먹었어,맛있는걸 드셨군요!,
만두,맛있는걸 드셨군요!,
샐러드 먹었어,"저런, 그러시군요, 조금 더 든든하게 드시지 그러셨어요",
샐러드 ,"저런, 그러시군요, 조금 더 든든하게 드시지 그러셨어요",
스파게티,맛있는걸 드셨군요!,
스파게티 먹었어,맛있는걸 드셨군요!,
과일,"저런, 그러시군요, 조금 더 든든하게 드시지 그러셨어요",
과일 먹었어,"저런, 그러시군요, 조금 더 든든하게 드시지 그러셨어요",
족발,부럽습니다!,
족발 먹었어,부럽습니다!,
보쌈,부럽습니다!,
보쌈 먹었어,부럽습니다!,
소고기,부럽습니다!,
소고기 먹었어,부럽습니다!,
양꼬치,부럽습니다!,
양꼬치 먹었어,부럽습니다!,
마라탕,부럽습니다!,
마라탕 먹었어,부럽습니다!,
돈까쓰,맛있는걸 드셨군요!,
돈까쓰 먹었어,맛있는걸 드셨군요!,
콩국수,맛있는걸 드셨군요!,
콩국수 먹었어,맛있는걸 드셨군요!,
간장계란밥,맛있는걸 드셨군요!,
간장계란밥 먹었어,맛있는걸 드셨군요!,
타코야끼,맛있는걸 드셨군요!,
타코야끼 먹었어,맛있는걸 드셨군요!,
빵,"저런, 그러시군요, 조금 더 든든하게 드시지 그러셨어요",
빵 먹었어,"저런, 그러시군요, 조금 더 든든하게 드시지 그러셨어요",
국수,맛있는걸 드셨군요!,
국수 먹었어,맛있는걸 드셨군요!,
우유,"저런, 그러시군요, 조금 더 든든하게 드시지 그러셨어요",
우유 먹었어,"저런, 그러시군요, 조금 더 든든하게 드시지 그러셨어요",
초콜릿,"저런, 그러시군요, 조금 더 든든하게 드시지 그러셨어요",
초콜릿 먹었어,"저런, 그러시군요, 조금 더 든든하게 드시지 그러셨어요",
사과,"저런, 그러시군요, 조금 더 든든하게 드시지 그러셨어요",
사과 먹었어,"저런, 그러시군요, 조금 더 든든하게 드시지 그러셨어요",
양배추,"저런, 그러시군요, 조금 더 든든하게 드시지 그러셨어요",
양배추 먹었어,"저런, 그러시군요, 조금 더 든든하게 드시지 그러셨어요",
계란,"저런, 그러시군요, 조금 더 든든하게 드시지 그러셨어요",
계란 먹었어,"저런, 그러시군요, 조금 더 든든하게 드시지 그러셨어요",
닭갈비,맛있는걸 드셨군요!,
닭갈비 먹었어,맛있는걸 드셨군요!,
너무 힘들었어,"좋지 않은 하루를 보내셨군요, 당신을 위로할 수 있는 칵테일로 준비해보겠습니다.",
힘들었어,"좋지 않은 하루를 보내셨군요, 당신을 위로할 수 있는 칵테일로 준비해보겠습니다.",
너무 지쳤어,"좋지 않은 하루를 보내셨군요, 당신을 위로할 수 있는 칵테일로 준비해보겠습니다.",
지쳤어,"좋지 않은 하루를 보내셨군요, 당신을 위로할 수 있는 칵테일로 준비해보겠습니다.",
힘들어,"좋지 않은 하루를 보내셨군요, 당신을 위로할 수 있는 칵테일로 준비해보겠습니다.",
피곤해,"좋지 않은 하루를 보내셨군요, 당신을 위로할 수 있는 칵테일로 준비해보겠습니다.",
피곤했어,"좋지 않은 하루를 보내셨군요, 당신을 위로할 수 있는 칵테일로 준비해보겠습니다.",
바빴어,"좋지 않은 하루를 보내셨군요, 당신을 위로할 수 있는 칵테일로 준비해보겠습니다.",
졸렸어,"좋지 않은 하루를 보내셨군요, 당신을 위로할 수 있는 칵테일로 준비해보겠습니다.",
우울했어,"좋지 않은 하루를 보내셨군요, 당신을 위로할 수 있는 칵테일로 준비해보겠습니다.",
너무 우울했어,"좋지 않은 하루를 보내셨군요, 당신을 위로할 수 있는 칵테일로 준비해보겠습니다.",
슬펐어,"좋지 않은 하루를 보내셨군요, 당신을 위로할 수 있는 칵테일로 준비해보겠습니다.",
기분이 계속 안좋았어,"좋지 않은 하루를 보내셨군요, 당신을 위로할 수 있는 칵테일로 준비해보겠습니다.",
안좋았어,"좋지 않은 하루를 보내셨군요, 당신을 위로할 수 있는 칵테일로 준비해보겠습니다.",
최악이었어,"좋지 않은 하루를 보내셨군요, 당신을 위로할 수 있는 칵테일로 준비해보겠습니다.",
다 포기하고 싶었어,"좋지 않은 하루를 보내셨군요, 당신을 위로할 수 있는 칵테일로 준비해보겠습니다.",
죽고 싶었어,"좋지 않은 하루를 보내셨군요, 당신을 위로할 수 있는 칵테일로 준비해보겠습니다.",
퇴근하고 싶었어,"좋지 않은 하루를 보내셨군요, 당신을 위로할 수 있는 칵테일로 준비해보겠습니다.",
다 떄려치고 싶었어,"좋지 않은 하루를 보내셨군요, 당신을 위로할 수 있는 칵테일로 준비해보겠습니다.",
잘한게 없었어,"좋지 않은 하루를 보내셨군요, 당신을 위로할 수 있는 칵테일로 준비해보겠습니다.",
실수만 했어,"좋지 않은 하루를 보내셨군요, 당신을 위로할 수 있는 칵테일로 준비해보겠습니다.",
아무것도 안한거 같아,"좋지 않은 하루를 보내셨군요, 당신을 위로할 수 있는 칵테일로 준비해보겠습니다.",
이룬게 없어,"좋지 않은 하루를 보내셨군요, 당신을 위로할 수 있는 칵테일로 준비해보겠습니다.",
의미 없어,"좋지 않은 하루를 보내셨군요, 당신을 위로할 수 있는 칵테일로 준비해보겠습니다.",
의미 없는 하루 였어,"좋지 않은 하루를 보내셨군요, 당신을 위로할 수 있는 칵테일로 준비해보겠습니다.",
절망적이었어,"좋지 않은 하루를 보내셨군요, 당신을 위로할 수 있는 칵테일로 준비해보겠습니다.",
슬픈 하루였어,"좋지 않은 하루를 보내셨군요, 당신을 위로할 수 있는 칵테일로 준비해보겠습니다.",
힘든 하루였어,"좋지 않은 하루를 보내셨군요, 당신을 위로할 수 있는 칵테일로 준비해보겠습니다.",
오늘 하루 너무 힘들었어,"좋지 않은 하루를 보내셨군요, 당신을 위로할 수 있는 칵테일로 준비해보겠습니다.",
오늘 하루 너무 우울했어,"좋지 않은 하루를 보내셨군요, 당신을 위로할 수 있는 칵테일로 준비해보겠습니다.",
우울한 하루였어,"좋지 않은 하루를 보내셨군요, 당신을 위로할 수 있는 칵테일로 준비해보겠습니다.",
오늘 하루 너무 슬펐어,"좋지 않은 하루를 보내셨군요, 당신을 위로할 수 있는 칵테일로 준비해보겠습니다.",
너무 배고팠어,"좋지 않은 하루를 보내셨군요, 당신을 위로할 수 있는 칵테일로 준비해보겠습니다.",
배고픈 하루였어,"좋지 않은 하루를 보내셨군요, 당신을 위로할 수 있는 칵테일로 준비해보겠습니다.",
실수투성이 하루였어,"좋지 않은 하루를 보내셨군요, 당신을 위로할 수 있는 칵테일로 준비해보겠습니다.",
정신없이 지나갔어,"좋지 않은 하루를 보내셨군요, 당신을 위로할 수 있는 칵테일로 준비해보겠습니다.",
너무 바쁘게 지나갔어,"좋지 않은 하루를 보내셨군요, 당신을 위로할 수 있는 칵테일로 준비해보겠습니다.",
힘겨운 하루였어,"좋지 않은 하루를 보내셨군요, 당신을 위로할 수 있는 칵테일로 준비해보겠습니다.",
힘겨웠어,"좋지 않은 하루를 보내셨군요, 당신을 위로할 수 있는 칵테일로 준비해보겠습니다.",
스트레스 받았어,"좋지 않은 하루를 보내셨군요, 당신을 위로할 수 있는 칵테일로 준비해보겠습니다.",
스트레스 받는 하루였어,"좋지 않은 하루를 보내셨군요, 당신을 위로할 수 있는 칵테일로 준비해보겠습니다.",
부담이 너무 컸어,"좋지 않은 하루를 보내셨군요, 당신을 위로할 수 있는 칵테일로 준비해보겠습니다.",
너무 긴장했어,"좋지 않은 하루를 보내셨군요, 당신을 위로할 수 있는 칵테일로 준비해보겠습니다.",
하루종일 긴장했어 ,"좋지 않은 하루를 보내셨군요, 당신을 위로할 수 있는 칵테일로 준비해보겠습니다.",
하루종일 바빴어,"좋지 않은 하루를 보내셨군요, 당신을 위로할 수 있는 칵테일로 준비해보겠습니다.",
하루종일 힘들었어,"좋지 않은 하루를 보내셨군요, 당신을 위로할 수 있는 칵테일로 준비해보겠습니다.",
한숨도 못잤어,"좋지 않은 하루를 보내셨군요, 당신을 위로할 수 있는 칵테일로 준비해보겠습니다.",
한시도 쉬지 못했어 ,"좋지 않은 하루를 보내셨군요, 당신을 위로할 수 있는 칵테일로 준비해보겠습니다.",
조금도 쉬지 못했어,"좋지 않은 하루를 보내셨군요, 당신을 위로할 수 있는 칵테일로 준비해보겠습니다.",
계속 뛰어 다녔어,"좋지 않은 하루를 보내셨군요, 당신을 위로할 수 있는 칵테일로 준비해보겠습니다.",
팀플떄문에 죽는줄 알았어,"좋지 않은 하루를 보내셨군요, 당신을 위로할 수 있는 칵테일로 준비해보겠습니다.",
죽을뻔 했어,"좋지 않은 하루를 보내셨군요, 당신을 위로할 수 있는 칵테일로 준비해보겠습니다.",
죽는줄 알았어,"좋지 않은 하루를 보내셨군요, 당신을 위로할 수 있는 칵테일로 준비해보겠습니다.",
배고파 죽는줄 알았어,"좋지 않은 하루를 보내셨군요, 당신을 위로할 수 있는 칵테일로 준비해보겠습니다.",
화났어,"좋지 않은 하루를 보내셨군요, 당신을 위로할 수 있는 칵테일로 준비해보겠습니다.",
화가 가라앉질 않았어,"좋지 않은 하루를 보내셨군요, 당신을 위로할 수 있는 칵테일로 준비해보겠습니다.",
하루종일 화나는 일만 많았어,"좋지 않은 하루를 보내셨군요, 당신을 위로할 수 있는 칵테일로 준비해보겠습니다.",
화나는 일이 많았어,"좋지 않은 하루를 보내셨군요, 당신을 위로할 수 있는 칵테일로 준비해보겠습니다.",
짜증나는 일이 많았어,"좋지 않은 하루를 보내셨군요, 당신을 위로할 수 있는 칵테일로 준비해보겠습니다.",
짜증났어,"좋지 않은 하루를 보내셨군요, 당신을 위로할 수 있는 칵테일로 준비해보겠습니다.",
완전 짜증났어,"좋지 않은 하루를 보내셨군요, 당신을 위로할 수 있는 칵테일로 준비해보겠습니다.",
완전 화났어,"좋지 않은 하루를 보내셨군요, 당신을 위로할 수 있는 칵테일로 준비해보겠습니다.",
친구랑 싸워서 하루종일 기분이 별로였어,"좋지 않은 하루를 보내셨군요, 당신을 위로할 수 있는 칵테일로 준비해보겠습니다.",
별로였어,"좋지 않은 하루를 보내셨군요, 당신을 위로할 수 있는 칵테일로 준비해보겠습니다.",
별로였던거같아,"좋지 않은 하루를 보내셨군요, 당신을 위로할 수 있는 칵테일로 준비해보겠습니다.",
그닥 안좋았어,"좋지 않은 하루를 보내셨군요, 당신을 위로할 수 있는 칵테일로 준비해보겠습니다.",
안좋았어,"좋지 않은 하루를 보내셨군요, 당신을 위로할 수 있는 칵테일로 준비해보겠습니다.",
너무 안좋았어,"좋지 않은 하루를 보내셨군요, 당신을 위로할 수 있는 칵테일로 준비해보겠습니다.",
운이 안좋은날 같았어,"좋지 않은 하루를 보내셨군요, 당신을 위로할 수 있는 칵테일로 준비해보겠습니다.",
너무 별로였어,"좋지 않은 하루를 보내셨군요, 당신을 위로할 수 있는 칵테일로 준비해보겠습니다.",
최악,"좋지 않은 하루를 보내셨군요, 당신을 위로할 수 있는 칵테일로 준비해보겠습니다.",
완전 최악,"좋지 않은 하루를 보내셨군요, 당신을 위로할 수 있는 칵테일로 준비해보겠습니다.",
너무 싫었어,"좋지 않은 하루를 보내셨군요, 당신을 위로할 수 있는 칵테일로 준비해보겠습니다.",
끔찍했어,"좋지 않은 하루를 보내셨군요, 당신을 위로할 수 있는 칵테일로 준비해보겠습니다.",
죽고싶은 마음 뿐이었어,"좋지 않은 하루를 보내셨군요, 당신을 위로할 수 있는 칵테일로 준비해보겠습니다.",
집에 가고 싶었어,"좋지 않은 하루를 보내셨군요, 당신을 위로할 수 있는 칵테일로 준비해보겠습니다.",
집이 그리웠어,"좋지 않은 하루를 보내셨군요, 당신을 위로할 수 있는 칵테일로 준비해보겠습니다.",
눕고 싶었어,"좋지 않은 하루를 보내셨군요, 당신을 위로할 수 있는 칵테일로 준비해보겠습니다.",
쉬고 싶었어,"좋지 않은 하루를 보내셨군요, 당신을 위로할 수 있는 칵테일로 준비해보겠습니다.",
눈감고 싶었어,"좋지 않은 하루를 보내셨군요, 당신을 위로할 수 있는 칵테일로 준비해보겠습니다.",
도망가고 싶었어,"좋지 않은 하루를 보내셨군요, 당신을 위로할 수 있는 칵테일로 준비해보겠습니다.",
부담이 엄청 났어,"좋지 않은 하루를 보내셨군요, 당신을 위로할 수 있는 칵테일로 준비해보겠습니다.",
도망칠까 생각했어,"좋지 않은 하루를 보내셨군요, 당신을 위로할 수 있는 칵테일로 준비해보겠습니다.",
끔찍한 하루였어,"좋지 않은 하루를 보내셨군요, 당신을 위로할 수 있는 칵테일로 준비해보겠습니다.",
악몽이었어,"좋지 않은 하루를 보내셨군요, 당신을 위로할 수 있는 칵테일로 준비해보겠습니다.",
악몽,"좋지 않은 하루를 보내셨군요, 당신을 위로할 수 있는 칵테일로 준비해보겠습니다.",
악몽 그 자체였어,"좋지 않은 하루를 보내셨군요, 당신을 위로할 수 있는 칵테일로 준비해보겠습니다.",
다시는 겪고 싶지 않아,"좋지 않은 하루를 보내셨군요, 당신을 위로할 수 있는 칵테일로 준비해보겠습니다.",
생각하고 싶지 않아,"좋지 않은 하루를 보내셨군요, 당신을 위로할 수 있는 칵테일로 준비해보겠습니다.",
말하고 싶지 않아,"좋지 않은 하루를 보내셨군요, 당신을 위로할 수 있는 칵테일로 준비해보겠습니다.",
떠올리고 싶지않아,"좋지 않은 하루를 보내셨군요, 당신을 위로할 수 있는 칵테일로 준비해보겠습니다.",
다시 생각하기 싫어,"좋지 않은 하루를 보내셨군요, 당신을 위로할 수 있는 칵테일로 준비해보겠습니다.",
다시 생각하고 싶지 않아,"좋지 않은 하루를 보내셨군요, 당신을 위로할 수 있는 칵테일로 준비해보겠습니다.",
죽을거 같았어,"좋지 않은 하루를 보내셨군요, 당신을 위로할 수 있는 칵테일로 준비해보겠습니다.",
하루 내내 힘들었어,"좋지 않은 하루를 보내셨군요, 당신을 위로할 수 있는 칵테일로 준비해보겠습니다.",
힘든일만 가득했어,"좋지 않은 하루를 보내셨군요, 당신을 위로할 수 있는 칵테일로 준비해보겠습니다.",
좋은 일이 없었어,"좋지 않은 하루를 보내셨군요, 당신을 위로할 수 있는 칵테일로 준비해보겠습니다.",
너무 바빠서 연락도 못했어,"좋지 않은 하루를 보내셨군요, 당신을 위로할 수 있는 칵테일로 준비해보겠습니다.",
넘 바빴어,"좋지 않은 하루를 보내셨군요, 당신을 위로할 수 있는 칵테일로 준비해보겠습니다.",
넘 바빠서 밥도 못먹었어,"좋지 않은 하루를 보내셨군요, 당신을 위로할 수 있는 칵테일로 준비해보겠습니다.",
야근했어,"좋지 않은 하루를 보내셨군요, 당신을 위로할 수 있는 칵테일로 준비해보겠습니다.",
야근 하고 이제 집가는중이야,"좋지 않은 하루를 보내셨군요, 당신을 위로할 수 있는 칵테일로 준비해보겠습니다.",
바빴다,"좋지 않은 하루를 보내셨군요, 당신을 위로할 수 있는 칵테일로 준비해보겠습니다.",
바빴어요,"좋지 않은 하루를 보내셨군요, 당신을 위로할 수 있는 칵테일로 준비해보겠습니다.",
존나 바빠,"좋지 않은 하루를 보내셨군요, 당신을 위로할 수 있는 칵테일로 준비해보겠습니다.",
존나 피곤,"좋지 않은 하루를 보내셨군요, 당신을 위로할 수 있는 칵테일로 준비해보겠습니다.",
존나 피곤하다,"좋지 않은 하루를 보내셨군요, 당신을 위로할 수 있는 칵테일로 준비해보겠습니다.",
피곤하다,"좋지 않은 하루를 보내셨군요, 당신을 위로할 수 있는 칵테일로 준비해보겠습니다.",
피곤해요,"좋지 않은 하루를 보내셨군요, 당신을 위로할 수 있는 칵테일로 준비해보겠습니다.",
존나 힘들다,"좋지 않은 하루를 보내셨군요, 당신을 위로할 수 있는 칵테일로 준비해보겠습니다.",
개힘들다,"좋지 않은 하루를 보내셨군요, 당신을 위로할 수 있는 칵테일로 준비해보겠습니다.",
개바빴다,"좋지 않은 하루를 보내셨군요, 당신을 위로할 수 있는 칵테일로 준비해보겠습니다.",
개 피곤,"좋지 않은 하루를 보내셨군요, 당신을 위로할 수 있는 칵테일로 준비해보겠습니다.",
좀만 쉬고 싶어요,"좋지 않은 하루를 보내셨군요, 당신을 위로할 수 있는 칵테일로 준비해보겠습니다.",
죽을거 같았어요,"좋지 않은 하루를 보내셨군요, 당신을 위로할 수 있는 칵테일로 준비해보겠습니다.",
끔찍했어요,"좋지 않은 하루를 보내셨군요, 당신을 위로할 수 있는 칵테일로 준비해보겠습니다.",
힘들었어요,"좋지 않은 하루를 보내셨군요, 당신을 위로할 수 있는 칵테일로 준비해보겠습니다.",
별로였어요,"좋지 않은 하루를 보내셨군요, 당신을 위로할 수 있는 칵테일로 준비해보겠습니다.",
안좋았어요,"좋지 않은 하루를 보내셨군요, 당신을 위로할 수 있는 칵테일로 준비해보겠습니다.",
죽고 싶었어요,"좋지 않은 하루를 보내셨군요, 당신을 위로할 수 있는 칵테일로 준비해보겠습니다.",
도망치고 싶었어요,"좋지 않은 하루를 보내셨군요, 당신을 위로할 수 있는 칵테일로 준비해보겠습니다.",
때려치고 싶었다,"좋지 않은 하루를 보내셨군요, 당신을 위로할 수 있는 칵테일로 준비해보겠습니다.",
때려치고 싶었었어요,"좋지 않은 하루를 보내셨군요, 당신을 위로할 수 있는 칵테일로 준비해보겠습니다.",
마음에 안들었어요,"좋지 않은 하루를 보내셨군요, 당신을 위로할 수 있는 칵테일로 준비해보겠습니다.",
완벽한 날은 아니었어요,"좋지 않은 하루를 보내셨군요, 당신을 위로할 수 있는 칵테일로 준비해보겠습니다.",
좋진 않았어요,"좋지 않은 하루를 보내셨군요, 당신을 위로할 수 있는 칵테일로 준비해보겠습니다.",
좋진 않았어,"좋지 않은 하루를 보내셨군요, 당신을 위로할 수 있는 칵테일로 준비해보겠습니다.",
그닥,"좋지 않은 하루를 보내셨군요, 당신을 위로할 수 있는 칵테일로 준비해보겠습니다.",
그닥이었어,"좋지 않은 하루를 보내셨군요, 당신을 위로할 수 있는 칵테일로 준비해보겠습니다.",
그닥이었어요,"좋지 않은 하루를 보내셨군요, 당신을 위로할 수 있는 칵테일로 준비해보겠습니다.",
쌉 피곤,"좋지 않은 하루를 보내셨군요, 당신을 위로할 수 있는 칵테일로 준비해보겠습니다.",
존나 지침,"좋지 않은 하루를 보내셨군요, 당신을 위로할 수 있는 칵테일로 준비해보겠습니다.",
행복했어요,좋은 하루를 보내셨군요! 다행입니다.,
꿈만 같았어요,좋은 하루를 보내셨군요! 다행입니다.,
꿈 같았어요,좋은 하루를 보내셨군요! 다행입니다.,
꿈만 같았어요,좋은 하루를 보내셨군요! 다행입니다.,
행복,좋은 하루를 보내셨군요! 다행입니다.,
행복했어,좋은 하루를 보내셨군요! 다행입니다.,
기뻤어,좋은 하루를 보내셨군요! 다행입니다.,
기뻤어요,좋은 하루를 보내셨군요! 다행입니다.,
기쁨,좋은 하루를 보내셨군요! 다행입니다.,
최고,좋은 하루를 보내셨군요! 다행입니다.,
최고였어,좋은 하루를 보내셨군요! 다행입니다.,
최고였어요,좋은 하루를 보내셨군요! 다행입니다.,
너무 좋았어요,좋은 하루를 보내셨군요! 다행입니다.,
너무 좋았어,좋은 하루를 보내셨군요! 다행입니다.,
너무 행복했어,좋은 하루를 보내셨군요! 다행입니다.,
너무 행복했어요,좋은 하루를 보내셨군요! 다행입니다.,
완벽했어,다행입니다.,
완벽,다행입니다.,
완벽했어요,다행입니다.,
넘 좋았어,다행입니다.,
넘 좋았어요,다행입니다.,
넘 좋아,다행입니다.,
아주 좋았어,다행입니다.,
아주 좋았어요,다행입니다.,
너어무 좋았어,다행입니다.,
너어무 좋았어요,다행입니다.,
환상적이었어,다행입니다.,
환상적이었어요,다행입니다.,
날아다니는 기분,좋은 하루를 보내셨군요! 다행입니다.,
날아다니는 기분이었어요,좋은 하루를 보내셨군요! 다행입니다.,
기분 좋은 하루였어,좋은 하루를 보내셨군요! 다행입니다.,
기분 좋은 하루였어요,좋은 하루를 보내셨군요! 다행입니다.,
기분이 너무 좋았어요,좋은 하루를 보내셨군요! 다행입니다.,
기분이 째졌어,좋은 하루를 보내셨군요! 다행입니다.,
좋은 하루였어,좋은 하루를 보내셨군요! 다행입니다.,
좋은 하루였어요,좋은 하루를 보내셨군요! 다행입니다.,
행복한 하루였어,좋은 하루를 보내셨군요! 다행입니다.,
행복한 하루였어요,좋은 하루를 보내셨군요! 다행입니다.,
너무 좋은 하루,좋은 하루를 보내셨군요! 다행입니다.,
오늘 너무 좋았어,다행입니다.,
오늘 너무 좋았어요,다행입니다.,
오늘 너무 행복했어,좋은 하루를 보내셨군요! 다행입니다.,
오늘 너무 행복했어요,좋은 하루를 보내셨군요! 다행입니다.,
오늘 좋았어,다행입니다.,
오늘 좋았어요,다행입니다.,
나쁘지 않았어요,다행입니다.,
괜찮았어요,다행입니다.,
나쁘지 않았어,다행입니다.,
괜찮았어,다행입니다.,
꽤 좋았어,다행입니다.,
꽤 좋았어요,다행입니다.,
꽤 괜찮았어,다행입니다.,
나쁘지 않은 하루,좋은 하루를 보내셨군요! 다행입니다.,
꽤 괜찮았어요,다행입니다.,
앵간 했다,다행입니다.,
좋았다,다행입니다.,
기뻤다,좋은 하루를 보내셨군요! 다행입니다.,
행복했다,좋은 하루를 보내셨군요! 다행입니다.,
너무 행복했다,좋은 하루를 보내셨군요! 다행입니다.,
너무 좋았다,좋은 하루를 보내셨군요! 다행입니다.,
앵간했어,다행입니다.,
앵간했어요,다행입니다.,
나름 좋았다,다행입니다.,
나름 좋았어,다행입니다.,
나름 좋았어요,다행입니다.,
나름 괜찮았어요,다행입니다.,
생각보다 좋았어요,다행입니다.,
생각보다 좋았어,다행입니다.,
생각보다 괜찮았어요,다행입니다.,
생각보다 좋았어,다행입니다.,
그냥 그랬어,그렇군요,
그냥 그랬어요,그렇군요,
보통,그렇군요,
그저 그랬어요,그렇군요,
그저 그랬어,그렇군요,
그냥저냥,그렇군요,
보통이었어,그렇군요,
평소랑 똑같았어,그렇군요,
평소 같았어,그렇군요,
어제랑 똑같았어,그러셨군요! 남은 하루는 더욱 행복해지시도록 완벽한 칵테일을 추천해 보겠습니다.,
별다른일 없었어,그러셨군요! 남은 하루는 더욱 행복해지시도록 완벽한 칵테일을 추천해 보겠습니다.,
별일 없었어,그러셨군요! 남은 하루는 더욱 행복해지시도록 완벽한 칵테일을 추천해 보겠습니다.,
그냥 그랬는데,그렇군요,
아무일도 없었어,그러셨군요! 남은 하루는 더욱 행복해지시도록 완벽한 칵테일을 추천해 보겠습니다.,
아무것도 안했어,그러셨군요! 남은 하루는 더욱 행복해지시도록 완벽한 칵테일을 추천해 보겠습니다.,
좋지도 나쁘지도 않았어,그러셨군요! 남은 하루는 더욱 행복해지시도록 완벽한 칵테일을 추천해 보겠습니다.,
쏘쏘,그러셨군요! 남은 하루는 더욱 행복해지시도록 완벽한 칵테일을 추천해 보겠습니다.,
똑같았어,그러셨군요! 남은 하루는 더욱 행복해지시도록 완벽한 칵테일을 추천해 보겠습니다.,
똑같았어요,그러셨군요! 남은 하루는 더욱 행복해지시도록 완벽한 칵테일을 추천해 보겠습니다.,
낫밷,그러셨군요! 남은 하루는 더욱 행복해지시도록 완벽한 칵테일을 추천해 보겠습니다.,
별생각 없었는데,그러셨군요! 남은 하루는 더욱 행복해지시도록 완벽한 칵테일을 추천해 보겠습니다.,
그냥 지나갔어,그러셨군요! 남은 하루는 더욱 행복해지시도록 완벽한 칵테일을 추천해 보겠습니다.,
그냥 지나갔어요,그러셨군요! 남은 하루는 더욱 행복해지시도록 완벽한 칵테일을 추천해 보겠습니다.,
쓱 지나갔어,그러셨군요! 남은 하루는 더욱 행복해지시도록 완벽한 칵테일을 추천해 보겠습니다.,
쓱 지나갔어요,그러셨군요! 남은 하루는 더욱 행복해지시도록 완벽한 칵테일을 추천해 보겠습니다.,
묻지마,아이쿠,
연애를 안하고 있다면?,아이쿠,
없는데,아이쿠,
없어요,아이쿠,
애인이 없는데,아이쿠,
애인이 없어,아이쿠,
애인이 있는지 먼저 물어야하는거 아닌가,아이쿠,
애인이 없다면?,아이쿠,
할 수가 없어,아이쿠,
모솔인데,아이쿠,
나 모솔인데,아이쿠,
나 솔로인데,아이쿠,
솔론데요,아이쿠,
솔로인데,아이쿠,
솔로거든,아이쿠,
애인 없어,아이쿠,
짜증나게 할래?,아이쿠,
솔론데?,아이쿠,
애인 없는데?,아이쿠,
연애를 안하고 있는데?,아이쿠,
연애를 안하고 있어,아이쿠,
연애 안하고 있어,아이쿠,
연애 안하고 있어요,아이쿠,
애인 없는데요,아이쿠,
엥,아이쿠,
커플이 아닌데,아이쿠,
커플 아닌데,아이쿠,
커플 아닌데요,아이쿠,
커플인지 먼저 물어야지,아이쿠,
커플인지 먼저 물어봐야지,아이쿠,
커플이 아닌데요,아이쿠,
남친이 없는데,아이쿠,
남자가 없는데,아이쿠,
못하고 있는데,아이쿠,
여친이 없는데,아이쿠,
여자가 없는데,아이쿠,
남친이 없는데요,아이쿠,
여친이 없는데요,아이쿠,
꼭 물어봐야겠어?,아이쿠,
열받게하네,아이쿠,
뭔 개소리야,아이쿠,
헤어졌어,힘드시겠어요,
헤어질거 같아,힘드시겠어요,
헤어질거 같아요,힘드시겠어요,
헤어졌어요,힘드시겠어요,
깨졌어요,힘드시겠어요,
깨졌어,힘드시겠어요,
차였어,힘드시겠어요,
차였어요,힘드시겠어요,
차인지 오래인데,아이쿠,
오래전에 헤어졌어,아이쿠,
헤어진지 한참됐어,아이쿠,
헤어진지 좀 됐어,아이쿠,
안하고 있는데,아이쿠,
안하고 있어,아이쿠,
못하고 있어,아이쿠,
안하고 있어요,아이쿠,
못하고 있어요,아이쿠,
이미 결혼 했는데,아이쿠,
결혼 했는데,아이쿠,
뭔소리야,아이쿠,
뭔소리야 결혼했는데,아이쿠,
이미 결혼했어요,아이쿠,
그냥 그래요,"그러시군요, 칵테일로 특별한 추억을 쌓아보시는 건 어떨까요?",
그냥 그래,그렇군요,
별일 없어,"그러시군요, 칵테일로 특별한 추억을 쌓아보시는 건 어떨까요?",
별일 없어요,"그러시군요, 칵테일로 특별한 추억을 쌓아보시는 건 어떨까요?",
평소랑 똑같지 뭐,그렇군요,
평소랑 똑같아,그렇군요,
평소랑 똑같아요,그렇군요,
특별한일은 없었어,"그러시군요, 칵테일로 특별한 추억을 쌓아보시는 건 어떨까요?",
특별한 일은 없었어요,"그러시군요, 칵테일로 특별한 추억을 쌓아보시는 건 어떨까요?",
아니요,"저런, 쓴 술로 드려야하나봐요",
안되어 가고 있는거 같아요,"저런, 쓴 술로 드려야하나봐요",
안되어 가고 있어,"저런, 쓴 술로 드려야하나봐요",
잘 안돼,"저런, 쓴 술로 드려야하나봐요",
잘 안되네,"저런, 쓴 술로 드려야하나봐요",
안되네,"저런, 쓴 술로 드려야하나봐요",
안돼,"저런, 쓴 술로 드려야하나봐요",
힘들어,"저런, 쓴 술로 드려야하나봐요",
아니,"저런, 쓴 술로 드려야하나봐요",
별로 안좋아,"저런, 쓴 술로 드려야하나봐요",
상황이 안좋아,"저런, 쓴 술로 드려야하나봐요",
상황이 좋지 않네요,"저런, 쓴 술로 드려야하나봐요",
안좋아요,"저런, 쓴 술로 드려야하나봐요",
끝이 보이는 거  같아요,"저런, 쓴 술로 드려야하나봐요",
곧 헤어질 거 같아요,"저런, 쓴 술로 드려야하나봐요",
곧 헤어질지도,"저런, 쓴 술로 드려야하나봐요",
안맞는거 같아요,"저런, 쓴 술로 드려야하나봐요",
안맞는거 같아,"저런, 쓴 술로 드려야하나봐요",
안맞아,"저런, 쓴 술로 드려야하나봐요",
안맞아요,"저런, 쓴 술로 드려야하나봐요",
헤어질거 같네,"저런, 쓴 술로 드려야하나봐요",
너무 잘 되고 있어,행복하시군요!,
완전 잘되고 있어,행복하시군요!,
잘되고 있어,행복하시군요!,
잘 되고 있어요,행복하시군요!,
잘하는 중 이죠,행복하시군요!,
잘 되어가고 있어요,행복하시군요!,
잘 맞는거 같아요,행복하시군요!,
잘 맞아요,행복하시군요!,
잘 맞는거 같아,행복하시군요!,
잘 맞아,행복하시군요!,
너무 잘 맞아,행복하시군요!,
괜찮아,행복하시군요!,
나쁘지 않아,행복하시군요!,
나름 잘되고 있어,행복하시군요!,
꽤 잘되고 있어,행복하시군요!,
좋아,그렇군요!,
행복해,행복하시군요!,
너무 설레,행복하시군요!,
두근거려,행복하시군요!,
심쿵해,행복하시군요!,
생각만 해도 좋아,행복하시군요!,
화창해,날씨가 좋았다니 다행이네요,
너무 좋아,그렇군요!,
날씨 좋아,날씨가 좋았다니 다행이네요,
날씨는 좋아,날씨가 좋았다니 다행이네요,
날씨 좋아요,날씨가 좋았다니 다행이네요,
날씨는 좋아요,날씨가 좋았다니 다행이네요,
맑아요,날씨가 좋았다니 다행이네요,
날씨가 맑아요,날씨가 좋았다니 다행이네요,
맑아요,날씨가 좋았다니 다행이네요,
화창해요,날씨가 좋았다니 다행이네요,
날씨가 화창해요,날씨가 좋았다니 다행이네요,
날씨가 화창해,날씨가 좋았다니 다행이네요,
햇빛이 강렬해,날씨가 좋았다니 다행이네요,
상쾌해,날씨가 좋았다니 다행이네요,
시원하고 좋아,날씨가 좋았다니 다행이네요,
시원해,날씨가 좋았다니 다행이네요,
시원해요,날씨가 좋았다니 다행이네요,
오늘 날씨 완전 좋아,날씨가 좋았다니 다행이네요,
오늘 날씨 최곤데,날씨가 좋았다니 다행이네요,
오늘 날씨 좋아,날씨가 좋았다니 다행이네요,
날씨 최고야,날씨가 좋았다니 다행이네요,
날씨 좋은데?,날씨가 좋았다니 다행이네요,
최고야,날씨가 좋았다니 다행이네요,
미세먼지가 없어,날씨가 좋았다니 다행이네요,
미세먼지 농도가 낮은 날이야,날씨가 좋았다니 다행이네요,
깨끗해,날씨가 좋았다니 다행이네요,
깨끗했어,날씨가 좋았다니 다행이네요,
비가 왔어,"아이고, 안젖으셨나요?",
비 왔어,"아이고, 안젖으셨나요?",
비왔어요,"아이고, 안젖으셨나요?",
비가 왔어요,"아이고, 안젖으셨나요?",
축축했어,그닥 좋지 않았군요,
습했어,그닥 좋지 않았군요,
습해,그닥 좋지 않았군요,
비와,"아이고, 안젖으셨나요?",
비,"아이고, 안젖으셨나요?",
축축해,그닥 좋지 않았군요,
추워,따끈한 술도 있어요,
너무 추워,따끈한 술도 있어요,
추워요,따끈한 술도 있어요,
너무 추워요,따끈한 술도 있어요,
눈,"아이고, 안젖으셨나요?",
눈와,"아이고, 안젖으셨나요?",
눈이 왔어,"아이고, 안젖으셨나요?",
눈이 오고있어,"아이고, 안젖으셨나요?",
비가 내리고 있어,"아이고, 안젖으셨나요?",
비가 오고 있어,"아이고, 안젖으셨나요?",
비가 올거같아,우산을 챙기셔야겠네요,
비올거 같아,우산을 챙기셔야겠네요,
눈 올거 같아,우산을 챙기셔야겠네요,
비가 내릴거 같아,우산을 챙기셔야겠네요,
비 내릴거 같아,우산을 챙기셔야겠네요,
비 내릴거 같은 밤이야,우산을 챙기셔야겠네요,
우중충하네,우산을 챙기셔야겠네요,
우중충해,우산을 챙기셔야겠네요,
먹구름이 꼈어,우산을 챙기셔야겠네요,
먹구름이 있어,우산을 챙기셔야겠네요,
곧 눈이 올지도,우산을 챙기셔야겠네요,
곧 비가 올지도,우산을 챙기셔야겠네요,
곧 눈 올거 같아,우산을 챙기셔야겠네요,
곧  비 올거 같아,우산을 챙기셔야겠네요,
너무 추워,따끈한 술도 있어요,
추워 죽겠어,따끈한 술도 있어요,
얼어 죽겠어,따끈한 술도 있어요,
추워서 몸이 덜덜 떨려,따끈한 술도 있어요,
너무 추웠어,따끈한 술도 있어요,
추웠어,따끈한 술도 있어요,
겨울 날씨야,따끈한 술도 있어요,
겨울 날씨였어,따끈한 술도 있어요,
겨울이다 완전,따끈한 술도 있어요,
겨울이네,따끈한 술도 있어요,
겨울,따끈한 술도 있어요,
겨울 날씨,따끈한 술도 있어요,
너무 더워,그러면 시원한 드링크 류가 좋겠군요,
더워,그러면 시원한 드링크 류가 좋겠군요,
너무 더워요,그러면 시원한 드링크 류가 좋겠군요,
덥다,그러면 시원한 드링크 류가 좋겠군요,
더워요,그러면 시원한 드링크 류가 좋겠군요,
쪄 죽을거같아,그러면 시원한 드링크 류가 좋겠군요,
찜질방에 온거같아,그러면 시원한 드링크 류가 좋겠군요,
완전 여름,그러면 시원한 드링크 류가 좋겠군요,
완전 여름이야,그러면 시원한 드링크 류가 좋겠군요,
완전 여름 날씨,그러면 시원한 드링크 류가 좋겠군요,
여름,그러면 시원한 드링크 류가 좋겠군요,
여름 날씨,그러면 시원한 드링크 류가 좋겠군요,
날씨 더워,그러면 시원한 드링크 류가 좋겠군요,
오늘 완전 더워,그러면 시원한 드링크 류가 좋겠군요,
더워 더워,그러면 시원한 드링크 류가 좋겠군요,
완전 여름 날씨에요,그러면 시원한 드링크 류가 좋겠군요,
여름 날씨다,그러면 시원한 드링크 류가 좋겠군요,
더워 죽겠다,그러면 시원한 드링크 류가 좋겠군요,
쪄 죽겠어,그러면 시원한 드링크 류가 좋겠군요,
제일 더웠어,그러면 시원한 드링크 류가 좋겠군요,
최고로 더웠어,그러면 시원한 드링크 류가 좋겠군요,
선풍기 없으면 안될 날씨였어,그러면 시원한 드링크 류가 좋겠군요,
갑자기 더워졌어,그러면 시원한 드링크 류가 좋겠군요,
갑자기 더워,그러면 시원한 드링크 류가 좋겠군요,
갑자기 추워,따끈한 술도 있어요,
갑자기 추워졌어,따끈한 술도 있어요,
오늘 일했지,피곤하시겠어요,
일,피곤하시겠어요,
일했어,피곤하시겠어요,
출근,피곤하시겠어요,
일했어요,피곤하시겠어요,
공부,피곤하시겠어요,
공부했어요,피곤하시겠어요,
공부 했지,피곤하시겠어요,
일밖에 안했어,피곤하시겠어요,
하루종일 일 했어,피곤하시겠어요,
하루종일 공부했어,피곤하시겠어요,
하루종일 코딩했어,피곤하시겠어요,
코딩,피곤하시겠어요,
알바,피곤하시겠어요,
코딩했어,피곤하시겠어요,
알바했어,피곤하시겠어요,
코딩했어요,피곤하시겠어요,
알바했어요,피곤하시겠어요,
공부만 했어요,피곤하시겠어요,
과외 했어요,피곤하시겠어요,
운동했어요,피곤하시겠어요,
운동,피곤하시겠어요,
과외,피곤하시겠어요,
아무것도,그러셨군요.,
아무것도 안했어요,그러셨군요.,
별거 안했어요,그러셨군요.,
잠만 잤어요,그러셨군요.,
누워있었어요,그러셨군요.,
누워있었어,그러셨군요.,
시체놀이,그러셨군요.,
집에만 있었어,그러셨군요.,
그냥 있었어,그러셨군요.,
밥먹고 누워있었어,그러셨군요.,
밥만 먹었어,그러셨군요.,
놀았어,재미있었겠네요!,
친구어 있었어,재미있었겠네요!,
애인이랑 있었어,재미있었겠네요!,
친구랑 놀았어,재미있었겠네요!,
놀았어요,재미있었겠네요!,
밖에서 놀았어요,재미있었겠네요!,
밖에 나갔어요,재미있었겠네요!,
오랜만에 밖에 나갔어요,재미있었겠네요!,
산책했어요,재미있었겠네요!,
공놀이 했어요,재미있었겠네요!,
친구랑 게임했어요,재미있었겠네요!,
게임했어요,재미있었겠네요!,
영화봤어요,재미있었겠네요!,
책읽었어요,재미있었겠네요!,
데이트 했어요,우우,
등교했어요,피곤하시겠어요,
학교갔어요,피곤하시겠어요,
회사 갔어요,피곤하시겠어요,
회사가서 일했어,피곤하시겠어요,
학교가서 공부했어,피곤하시겠어요,
노래방 갔어요,재미있었겠네요!,
빈둥거렸어,그러셨군요.,
잘,잘됐네요! 반가운 소식입니다.,
잘지내,잘됐네요! 반가운 소식입니다.,
아주 잘 지내요,잘됐네요! 반가운 소식입니다.,
너무 잘,잘됐네요! 반가운 소식입니다.,
행복하게 지내,잘됐네요! 반가운 소식입니다.,
힘들게 지내 ,"저런,,, 왜일까요",
잘 지내고 있어,잘됐네요! 반가운 소식입니다.,
좋게 지내,잘됐네요! 반가운 소식입니다.,
나쁘지 않게 지내는 중이야,잘됐네요! 반가운 소식입니다.,
잘 지내는 중이야,잘됐네요! 반가운 소식입니다.,
안좋게 지내,"저런,,, 왜일까요",
별로 안좋게 지내,"저런,,, 왜일까요",
딱히 하는건 없어,그러셨군요.,
바쁘게 지내,"저런,,, 왜일까요",
완전 바쁘게 지내는 중이야,"저런,,, 왜일까요",
없어,그렇군요,
딱히?,그렇군요,
아무 고민도 없어,그렇군요,
고민 없어,그렇군요,
없는데,그렇군요,
없어요,그렇군요,
진로,그럴땐 술이죠!,
취업,그럴땐 술이죠!,
취업 때문에 고민이 많아,그럴땐 술이죠!,
공부 때문에 고민이 많아,그럴땐 술이죠!,
회사 때문에 고민이 많아,그럴땐 술이죠!,
인간관계,그럴땐 술이죠!,
친구 ,그럴땐 술이죠!,
친구 때문에 고민이야,그럴땐 술이죠!,
취업 때문에 고민이야,그럴땐 술이죠!,
돈,그럴땐 술이죠!,
결혼 때문에 고민이야,그럴땐 술이죠!,
돈 걱정,그럴땐 술이죠!,
친구 걱정,그럴땐 술이죠!,
친구 고민,그럴땐 술이죠!,
빚,그럴땐 술이죠!,
대출,그럴땐 술이죠!,
잘 다니고 있어,다행입니다.,
그냥 그렇지 뭐,그렇군요,
다니기 싫어,저돕니다,
퇴근하고 싶어,저돕니다,
하교하고 싶어,저돕니다,
째고 싶어,저돕니다,
집가고 싶어,저돕니다,
힘들어,그럴 땐 술이죠!,
재밌어,다행입니다.,
나쁘지 않은거 같아,다행입니다.,
잘 다니고 있는거 같아,다행입니다.,
잘 하고 있는거 같아,다행입니다.,
응,오호 알겠습니다,
좋아해,오호 알겠습니다,
응 좋아해,오호 알겠습니다,
응 즐기는 편이야,오호 알겠습니다,
응 좋아하는 편이야,오호 알겠습니다,
즐기는 편이야,오호 알겠습니다,
꽤 마셔,오호 알겠습니다,
엄청 좋아해,오호 알겠습니다,
술 엄청 많이 마셔,오호 알겠습니다,
많이 마시는 편이야,오호 알겠습니다,
많이 마시는거 좋아해,오호 알겠습니다,
안좋아해,"흠, 참고하겠습니다",
특별한 날 아니면 안마셔,"흠, 참고하겠습니다",
아니,"흠, 참고하겠습니다",
싫어해,"흠, 참고하겠습니다",
단거 아니면 싫어해,"흠, 참고하겠습니다",
안즐겨,"흠, 참고하겠습니다",
안즐기는 편이야,"흠, 참고하겠습니다",
아니 안즐겨,"흠, 참고하겠습니다",
아니 싫어해,"흠, 참고하겠습니다",
아니 안즐기는 편이야,"흠, 참고하겠습니다",
전혀 안마셔,"흠, 참고하겠습니다",
입에도 안대,"흠, 참고하겠습니다",
술찌야,"흠, 참고하겠습니다",
술 완전 못마셔,"흠, 참고하겠습니다",
좋아하는데 완전 못마셔,"흠, 참고하겠습니다",
마시는데 좋아하지는 않아,"흠, 참고하겠습니다",
술은 싫어하는데 술자리는 좋아해,"흠, 참고하겠습니다",
그냥 술자리에서만?,"흠, 참고하겠습니다",
술자리에서만 먹어,"흠, 참고하겠습니다",
술자리애서만 먹어요,"흠, 참고하겠습니다",
술자리에서만 마셔요,"흠, 참고하겠습니다",
술자리에서만 마셔,"흠, 참고하겠습니다",
즐기지 않아,"흠, 참고하겠습니다",
즐기지 않아요,"흠, 참고하겠습니다",
즐기지 않습니다,"흠, 참고하겠습니다",
안즐겨요,"흠, 참고하겠습니다",
즐기지 않는 편인거 같아요,"흠, 참고하겠습니다",
안즐기는 편인거 같아요,"흠, 참고하겠습니다",
즐기지 않는거 같아요,"흠, 참고하겠습니다",
안즐기는거 같아요,"흠, 참고하겠습니다",
즐기는거 같아요,오호 알겠습니다,
즐기는 편인거 같아요,오호 알겠습니다,
즐기는 편이에요,오호 알겠습니다,
안즐기는 편이에요,"흠, 참고하겠습니다",
술 완전 싫어해요,"흠, 참고하겠습니다",
술 진짜 싫어해,"흠, 참고하겠습니다",
술 진짜 싫어해요,"흠, 참고하겠습니다",
술 완전 싫어,"흠, 참고하겠습니다",
술 완전 좋아해,오호 알겠습니다,
술 완전 좋아,오호 알겠습니다,
술 완전 싫어해,"흠, 참고하겠습니다",
맛도 없는걸 왜 즐겨,"흠, 참고하겠습니다",
왜 즐겨,"흠, 참고하겠습니다",
왜 즐기지,"흠, 참고하겠습니다",
왜 즐겨요?,"흠, 참고하겠습니다",
술 좋아해,오호 알겠습니다,
술 좋아해요,오호 알겠습니다,
술 좋아해,오호 알겠습니다,
술 완전 좋아해요,오호 알겠습니다,
술 진짜 좋아해,오호 알겠습니다,
술 진짜 좋아해요,오호 알겠습니다,
좋아해,오호 알겠습니다,
진짜 좋아해,오호 알겠습니다,
완전 좋아해,오호 알겠습니다,
진짜 좋아해요,오호 알겠습니다,
좋아해요,오호 알겠습니다,
완전 좋아해요,오호 알겠습니다,
술 사랑하죠,오호 알겠습니다,
사랑해,오호 알겠습니다,
사랑하죠,오호 알겠습니다,
완전 사랑해,오호 알겠습니다,
진짜 사랑해,오호 알겠습니다,
양식,그에 어울리는 칵테일도  한번 찾아보겠습니다.,
중식,그러시군요,
한식,그러시군요,
일식,그러시군요,
양식 좋아해,그에 어울리는 칵테일도  한번 찾아보겠습니다.,
파스타 좋아해,그에 어울리는 칵테일도  한번 찾아보겠습니다.,
피자 좋아해,그에 어울리는 칵테일도  한번 찾아보겠습니다.,
햄버거 좋아해,그에 어울리는 칵테일도  한번 찾아보겠습니다.,
크림 파스타 좋아해,그에 어울리는 칵테일도  한번 찾아보겠습니다.,
토마토 파스타 좋아해,그에 어울리는 칵테일도  한번 찾아보겠습니다.,
스파게티 좋아해,그에 어울리는 칵테일도  한번 찾아보겠습니다.,
바질 좋아해,그에 어울리는 칵테일도  한번 찾아보겠습니다.,
빵 좋아해,그에 어울리는 칵테일도  한번 찾아보겠습니다.,
프랑스 음식 좋아해,그에 어울리는 칵테일도  한번 찾아보겠습니다.,
오일 파스타 좋아해,그에 어울리는 칵테일도  한번 찾아보겠습니다.,
리조또 좋아해,그에 어울리는 칵테일도  한번 찾아보겠습니다.,
스테이크 좋아해,그에 어울리는 칵테일도  한번 찾아보겠습니다.,
중식 좋아해,그러시군요,
한식 좋아해,그러시군요,
일식 좋아해,그러시군요,
성격 별로야,하하 아닐거에요! 성격 좋아보이시는 걸요,
성격 좋지않아,하하 아닐거에요! 성격 좋아보이시는 걸요,
성격 안좋아,하하 아닐거에요! 성격 좋아보이시는 걸요,
성격 완전 안좋아,하하 아닐거에요! 성격 좋아보이시는 걸요,
안좋아,하하 아닐거에요! 성격 좋아보이시는 걸요,
안좋다는 소리 많이 들어,하하 아닐거에요! 성격 좋아보이시는 걸요,
다혈질이야,"그러시군요, 칵테일로 화나는 감정들을 조금 해소해 보시는건 어떨까요?",
화가 많아,"그러시군요, 칵테일로 화나는 감정들을 조금 해소해 보시는건 어떨까요?",
화가 많은 편이야,"그러시군요, 칵테일로 화나는 감정들을 조금 해소해 보시는건 어떨까요?",
화를 참지 못해,"그러시군요, 칵테일로 화나는 감정들을 조금 해소해 보시는건 어떨까요?",
감정을 주체할 수 없어,"그러시군요, 칵테일로 감정들을 조금 해소해 보시는건 어떨까요?",
자주 울어,"저런, 스트레스 많이 받으시겠어요",
자주 화가나,"그러시군요, 칵테일로 화나는 감정들을 조금 해소해 보시는건 어떨까요?",
항상 화나있어,"그러시군요, 칵테일로 화나는 감정들을 조금 해소해 보시는건 어떨까요?",
한번 화나면 아무것도 보이지 않아,"그러시군요, 칵테일로 화나는 감정들을 조금 해소해 보시는건 어떨까요?",
열받는 일은 못참아,"그러시군요, 칵테일로 화나는 감정들을 조금 해소해 보시는건 어떨까요?",
안좋은거같아,하하 아닐거에요! 성격 좋아보이시는 걸요,
다혈질이라는 소리를 많이 들어,"그러시군요, 칵테일로 화나는 감정들을 조금 해소해 보시는건 어떨까요?",
완전 안좋아,하하 아닐거에요! 성격 좋아보이시는 걸요,
성격은 다혈질,"그러시군요, 칵테일로 화나는 감정들을 조금 해소해 보시는건 어떨까요?",
화나는 일이 많아,"그러시군요, 칵테일로 화나는 감정들을 조금 해소해 보시는건 어떨까요?",
화부터 내,"그러시군요, 칵테일로 화나는 감정들을 조금 해소해 보시는건 어떨까요?",
많이 안좋아,하하 아닐거에요! 성격 좋아보이시는 걸요,
많이 우울해해,"저런, 스트레스 많이 받으시겠어요",
우울한 사람이야,"저런, 스트레스 많이 받으시겠어요",
조용해,차분해보이세요!,
텐션이 낮아,"저런, 스트레스 많이 받으시겠어요",
항상 가라앉아있어,"저런, 스트레스 많이 받으시겠어요",
낯을 많이 가려,"저런, 스트레스 많이 받으시겠어요",
사람 만나는걸 별로 안좋아해,"저런, 스트레스 많이 받으시겠어요",
낯가려,"저런, 스트레스 많이 받으시겠어요",
사람을 싫어해,"저런, 스트레스 많이 받으시겠어요",
사람들이랑 있는 자리를 어려워해,"저런, 스트레스 많이 받으시겠어요",
많이 어려워해,"저런, 스트레스 많이 받으시겠어요",
침울한 편이야,"저런, 스트레스 많이 받으시겠어요",
우울해해,"저런, 스트레스 많이 받으시겠어요",
눈치를 많이봐,"저런, 스트레스 많이 받으시겠어요",
눈치를 많이보는 편이야,"저런, 스트레스 많이 받으시겠어요",
다른사람이랑 있을때 불편해해,"저런, 스트레스 많이 받으시겠어요",
내성적이야,차분해보이세요!,
내성적임,차분해보이세요!,
내성적인 편이야,차분해보이세요!,
다른사람이랑 있는게 불편해,"저런, 스트레스 많이 받으시겠어요",
조용한 편이야,차분해보이세요!,
시끄러워,인기쟁이 스타일이시군요!,
시끄럽다는 소리 많이들어,인기쟁이 스타일이시군요!,
시끄러운 편이야,인기쟁이 스타일이시군요!,
사람들이랑 만나는걸 좋아해,인기쟁이 스타일이시군요!,
사람들이랑 있는걸 좋아해,인기쟁이 스타일이시군요!,
외향적이야,인기쟁이 스타일이시군요!,
외향적,인기쟁이 스타일이시군요!,
외향적인 편인거 같아,인기쟁이 스타일이시군요!,
사람을 좋아해,인기쟁이 스타일이시군요!,
사람을 좋아하는 성격이야,인기쟁이 스타일이시군요!,
쾌활해,인기쟁이 스타일이시군요!,
사람 만나는걸 엄청 좋아해,인기쟁이 스타일이시군요!,
사람 만나는걸 좋아해,인기쟁이 스타일이시군요!,
텐션이 높아,인기쟁이 스타일이시군요!,
항상 신나있어,인기쟁이 스타일이시군요!,
항상 기분이 좋아,인기쟁이 스타일이시군요!,
화를 잘 안내,"저런, 스트레스 많이 받으시겠어요",
혼자 많이 참는편이야,"저런, 스트레스 많이 받으시겠어요",
혼자 안고가,"저런, 스트레스 많이 받으시겠어요",
많이 참아,"저런, 스트레스 많이 받으시겠어요",
참아,"저런, 스트레스 많이 받으시겠어요",
속으로만 생각해,"저런, 스트레스 많이 받으시겠어요",
표현하지 않아,"저런, 스트레스 많이 받으시겠어요",
감정을 표현하지 않아,"저런, 스트레스 많이 받으시겠어요",
웃음으로 넘어가,"저런, 스트레스 많이 받으시겠어요",
웃기만해,"저런, 스트레스 많이 받으시겠어요",
말을 잘 못해,"저런, 스트레스 많이 받으시겠어요",
사람들 앞에서 말을 잘 못해,"저런, 스트레스 많이 받으시겠어요",
파티같은걸 즐겨,인기쟁이 스타일이시군요!,
사람들 앞에서 말하는걸 좋아해,인기쟁이 스타일이시군요!,
사람들이 쾌활하대,인기쟁이 스타일이시군요!,
귀여운 편이야,인기쟁이 스타일이시군요!,
귀여워,인기쟁이 스타일이시군요!,
성격 좋아,인기쟁이 스타일이시군요!,
좋은 편이야,인기쟁이 스타일이시군요!,
좋다는 소리 많이 들어,인기쟁이 스타일이시군요!,
밝아,인기쟁이 스타일이시군요!,
밝다는 소리 많이 들어,인기쟁이 스타일이시군요!,
완전 행복해해,인기쟁이 스타일이시군요!,
항상 텐션이 좋아,인기쟁이 스타일이시군요!,
힘차,인기쟁이 스타일이시군요!,
힘차다는 소리 많이 들어,인기쟁이 스타일이시군요!,
밝대,인기쟁이 스타일이시군요!,
명랑한 편이야,인기쟁이 스타일이시군요!,
명랑하대,인기쟁이 스타일이시군요!,
유머있어,인기쟁이 스타일이시군요!,
유머 감각이 있어,인기쟁이 스타일이시군요!,
유머있는 편이야,인기쟁이 스타일이시군요!,
유쾌해,인기쟁이 스타일이시군요!,
유쾌하대,인기쟁이 스타일이시군요!,
사람들을 웃기는걸 잘해,인기쟁이 스타일이시군요!,
리더십 있어,인기쟁이 스타일이시군요!,
리더를 잘해,인기쟁이 스타일이시군요!,
사람들 이끄는걸 잘해,인기쟁이 스타일이시군요!,
회장 스타일이야,인기쟁이 스타일이시군요!,
사람들이 좋아하는 성격이야,인기쟁이 스타일이시군요!,
밝고 명랑해,인기쟁이 스타일이시군요!,
사람들을 잘 맞춰줘,인기쟁이 스타일이시군요!,
눈치가 빨라,인기쟁이 스타일이시군요!,
눈치가 없어,"저런, 스트레스 많이 받으시겠어요",
눈치를 보지만 눈치가 없어,"저런, 스트레스 많이 받으시겠어요",
혼자 스트레스를 많이 받아,"저런, 스트레스 많이 받으시겠어요",
인간 관계에서 스트레스를 많이 받아,"저런, 스트레스 많이 받으시겠어요",
재미 없어,아니에요!,
재미 없는거 같아,아니에요!,
사람 마주치기가 힘들어,"저런, 스트레스 많이 받으시겠어요",
보통이야,알겠습니다.,
그냥 그래,알겠습니다.,
보통 사람 같아,알겠습니다.,
일반 사람 같아,알겠습니다.,
별 다를거 없는데,알겠습니다.,
그냥 그런 성격,알겠습니다.,
보통 사람 성격,알겠습니다.,
보통 성격,알겠습니다.,
특별한 건 없는데,알겠습니다.,
그냥 그런데요,알겠습니다.,
별다를거 없어요,알겠습니다.,
보통 성격이에요,알겠습니다.,
보통이에요,알겠습니다.,
성격 더러워,하하 아닐거에요! 성격 좋아보이시는 걸요,
더럽다는 소리 많이들어,하하 아닐거에요! 성격 좋아보이시는 걸요,
성격 개더러워,하하 아닐거에요! 성격 좋아보이시는 걸요,
개더러워,하하 아닐거에요! 성격 좋아보이시는 걸요,
더러워요,하하 아닐거에요! 성격 좋아보이시는 걸요,
성격 더러워요,하하 아닐거에요! 성격 좋아보이시는 걸요,
더럽다고 하더라고,하하 아닐거에요! 성격 좋아보이시는 걸요,
더럽대,하하 아닐거에요! 성격 좋아보이시는 걸요,
성격 더럽,하하 아닐거에요! 성격 좋아보이시는 걸요,
그런걸 왜 물어 ,칵테일 추천에 이용해 보려고요!,
왜 물어,칵테일 추천에 이용해 보려고요!,
왜 물어봐 ,칵테일 추천에 이용해 보려고요!,
별걸 다 묻네,칵테일 추천에 이용해 보려고요!,
왜?,칵테일 추천에 이용해 보려고요!,
니가 뭔데,칵테일 추천에 이용해 보려고요!,
그건 왜,칵테일 추천에 이용해 보려고요!,
그건 왜 또,칵테일 추천에 이용해 보려고요!,
왜 또,칵테일 추천에 이용해 보려고요!,
enfp,참고하겠습니다!,
enfj,참고하겠습니다!,
entp,참고하겠습니다!,
entj,참고하겠습니다!,
estp,참고하겠습니다!,
esfp,참고하겠습니다!,
estj,참고하겠습니다!,
esfj,참고하겠습니다!,
infp,참고하겠습니다!,
infj,참고하겠습니다!,
intp,참고하겠습니다!,
intj,참고하겠습니다!,
istp,참고하겠습니다!,
isfp,참고하겠습니다!,
istj,참고하겠습니다!,
isfj,참고하겠습니다!,
엠비티아이 잘 몰라,괜찮습니다,
몰라,괜찮습니다,
잘 몰라,괜찮습니다,
잘 모르는데,괜찮습니다,
ㅁㄹ,괜찮습니다,
까먹었어,괜찮습니다,
생각 안나,괜찮습니다,
뭐였더라,괜찮습니다,
기억이 안나,괜찮습니다,
잘 기억 안나,괜찮습니다,
뭔지 몰라요,괜찮습니다,
엠비티아이가 뭐에요?,성격유형을 16가지로 나눈것이에요! 모르신다면 다음 질문으로 넘어가겠습니다.,
mbti몰라,괜찮습니다,
mbti가 뭐에요?,성격유형을 16가지로 나눈것이에요! 모르신다면 다음 질문으로 넘어가겠습니다.,
그게 뭐야,괜찮습니다,
그게 뭔데,괜찮습니다,
뭔지 몰라,괜찮습니다,
mbti가 뭐지,성격유형을 16가지로 나눈것이에요! 모르신다면 다음 질문으로 넘어가겠습니다.,
엠비티아이가 뭐지,성격유형을 16가지로 나눈것이에요! 모르신다면 다음 질문으로 넘어가겠습니다.,
그게 뭐지,성격유형을 16가지로 나눈것이에요! 모르신다면 다음 질문으로 넘어가겠습니다.,
그게 뭔데,성격유형을 16가지로 나눈것이에요! 모르신다면 다음 질문으로 넘어가겠습니다.,
뭐야 그게,성격유형을 16가지로 나눈것이에요! 모르신다면 다음 질문으로 넘어가겠습니다.,
빨간색,빨간 칵테일로 찾아봐야겠어요,
빨간색 좋아해,빨간 칵테일로 찾아봐야겠어요,
빨강,빨간 칵테일로 찾아봐야겠어요,
레드,빨간 칵테일로 찾아봐야겠어요,
빨간 계열,빨간 칵테일로 찾아봐야겠어요,
빨간색 좋아하는 편이야,빨간 칵테일로 찾아봐야겠어요,
주황색 좋아해,"오렌지색 칵테일이 있나,… 뒤적뒤적",
주황색,"오렌지색 칵테일이 있나,… 뒤적뒤적",
오렌지색,"오렌지색 칵테일이 있나,… 뒤적뒤적",
주황색 좋아하는 편이야,"오렌지색 칵테일이 있나,… 뒤적뒤적",
오렌지,"오렌지색 칵테일이 있나,… 뒤적뒤적",
주황,"오렌지색 칵테일이 있나,… 뒤적뒤적",
주황 계열,"오렌지색 칵테일이 있나,… 뒤적뒤적",
노란색,칵테일도 노란색 칵테일이 대체로 맛있더군요,
노랑,칵테일도 노란색 칵테일이 대체로 맛있더군요,
옐로우,칵테일도 노란색 칵테일이 대체로 맛있더군요,
노란 계열,칵테일도 노란색 칵테일이 대체로 맛있더군요,
노란색 좋아해,칵테일도 노란색 칵테일이 대체로 맛있더군요,
노란 계열 좋아해,칵테일도 노란색 칵테일이 대체로 맛있더군요,
노란 계열,칵테일도 노란색 칵테일이 대체로 맛있더군요,
노란색 좋아해요,칵테일도 노란색 칵테일이 대체로 맛있더군요,
초록색,"독특하시네요, 초록색 칵테일로 한번 찾아볼게요",
초록,"독특하시네요, 초록색 칵테일로 한번 찾아볼게요",
초록 계열,"독특하시네요, 초록색 칵테일로 한번 찾아볼게요",
초록색 좋아해,"독특하시네요, 초록색 칵테일로 한번 찾아볼게요",
그린,"독특하시네요, 초록색 칵테일로 한번 찾아볼게요",
이화 그린,크 뭘 좀 아시네요,
초록색 좋아하는 편이야,"독특하시네요, 초록색 칵테일로 한번 찾아볼게요",
라이트 그린,"독특하시네요, 초록색 칵테일로 한번 찾아볼게요",
연두색,"독특하시네요, 초록색 칵테일로 한번 찾아볼게요",
연두색 좋아해,"독특하시네요, 초록색 칵테일로 한번 찾아볼게요",
연두,"독특하시네요, 초록색 칵테일로 한번 찾아볼게요",
연두 계열,"독특하시네요, 초록색 칵테일로 한번 찾아볼게요",
연두색 좋아하는 편이야,"독특하시네요, 초록색 칵테일로 한번 찾아볼게요",
하늘색,하늘색이 참 예쁘죠,
스카이 블루,하늘색이 참 예쁘죠,
하늘색 좋아해,하늘색이 참 예쁘죠,
하늘,하늘색이 참 예쁘죠,
하늘색 계열,하늘색이 참 예쁘죠,
하늘색 좋아하는 편이야,하늘색이 참 예쁘죠,
소라색,소라색 정말 예쁜거 같아요,
소라색 좋아해,소라색 정말 예쁜거 같아요,
소라색 좋아하는 편이야,소라색 정말 예쁜거 같아요,
파랑색,"파랑이라니, 역시 저랑 잘 맞으시군요",
블루,"파랑이라니, 역시 저랑 잘 맞으시군요",
파랑색 좋아해,"파랑이라니, 역시 저랑 잘 맞으시군요",
파랑,"파랑이라니, 역시 저랑 잘 맞으시군요",
파랑 계열 좋아해,"파랑이라니, 역시 저랑 잘 맞으시군요",
진파랑 좋아해,"파랑이라니, 역시 저랑 잘 맞으시군요",
진파랑색,"파랑이라니, 역시 저랑 잘 맞으시군요",
진한 파랑색,"파랑이라니, 역시 저랑 잘 맞으시군요",
보라색,보라색은 정말 신비한 색깔같아요,
보라,보라색은 정말 신비한 색깔같아요,
보라색 좋아하는 편이야,보라색은 정말 신비한 색깔같아요,
퍼플,보라색은 정말 신비한 색깔같아요,
보라색 좋아해,보라색은 정말 신비한 색깔같아요,
남색,트렌디한 색이죠,
남색 좋아해,트렌디한 색이죠,
남색 계열,트렌디한 색이죠,
네이비,트렌디한 색이죠,
고동색,갈색 계열의 칵테일중에 커피맛 나는게 정말 맛있어요,
갈색,갈색 계열의 칵테일중에 커피맛 나는게 정말 맛있어요,
브라운,갈색 계열의 칵테일중에 커피맛 나는게 정말 맛있어요,
갈색 계열,갈색 계열의 칵테일중에 커피맛 나는게 정말 맛있어요,
검정색,"암, 기본이 제일 좋은법이죠",
검정이 좋아,"암, 기본이 제일 좋은법이죠",
검은색 좋아,"암, 기본이 제일 좋은법이죠",
검은거,"암, 기본이 제일 좋은법이죠",
검정,"암, 기본이 제일 좋은법이죠",
블랙,"암, 기본이 제일 좋은법이죠",
흰색 좋아,"암, 기본이 제일 좋은법이죠",
흰색,"암, 기본이 제일 좋은법이죠",
화이트,"암, 기본이 제일 좋은법이죠",
흰거,"암, 기본이 제일 좋은법이죠",
파스텔 톤,알겠습니다!,
연한거면 다,알겠습니다!,
진한거면 다,알겠습니다!,
어느색이던 좋아,알겠습니다!,
묽은색이 좋아,알겠습니다!,
진한색이면 다 좋아,알겠습니다!,
파스텔 같은 색이 좋아,알겠습니다!,
그냥 주먹밥,"저런, 그러시군요, 조금 더 든든하게 드시지 그러셨어요",
주먹밥,"저런, 그러시군요, 조금 더 든든하게 드시지 그러셨어요",
간장밥,맛있는걸 드셨군요!,
간장국수,맛있는걸 드셨군요!,
비빔국수,맛있는걸 드셨군요!,
그냥 과일,"저런, 그러시군요, 조금 더 든든하게 드시지 그러셨어요",
그냥 귤,"저런, 그러시군요, 조금 더 든든하게 드시지 그러셨어요",
귤,"저런, 그러시군요, 조금 더 든든하게 드시지 그러셨어요",
브리또,맛있는걸 드셨군요!,
타코야끼,맛있는걸 드셨군요!,
멕시코 음식,맛있는걸 드셨군요!,
야끼소바,맛있는걸 드셨군요!,
스시,맛있는걸 드셨군요!,
우동,맛있는걸 드셨군요!,
찜닭,맛있는걸 드셨군요!,
팥빙수,맛있는걸 드셨군요!,
김치나베,맛있는걸 드셨군요!,
덮밥,맛있는걸 드셨군요!,
스테이크,맛있는걸 드셨군요!,
오늘 기분 개더러워,안좋은 하루를 보내셨군요.,
기분 더러워,안좋은 하루를 보내셨군요.,
더러워,안좋은 하루를 보내셨군요.,
기분 개별로야,안좋은 하루를 보내셨군요.,
기분 완전 안좋아,안좋은 하루를 보내셨군요.,
안좋아,안좋은 하루를 보내셨군요.,
슬퍼,안좋은 하루를 보내셨군요.,
완전 안좋아,안좋은 하루를 보내셨군요.,
기분 완전 별로,안좋은 하루를 보내셨군요.,
안좋음,안좋은 하루를 보내셨군요.,
별로,안좋은 하루를 보내셨군요.,
말걸지마,안좋은 하루를 보내셨군요.,
엿같아,안좋은 하루를 보내셨군요.,
좆같아,안좋은 하루를 보내셨군요.,
개빡쳐,안좋은 하루를 보내셨군요.,
빡쳐,안좋은 하루를 보내셨군요.,
짜증나,안좋은 하루를 보내셨군요.,
화나,안좋은 하루를 보내셨군요.,
완전 짜증나,안좋은 하루를 보내셨군요.,
완전 화나,안좋은 하루를 보내셨군요.,
정신없어,안좋은 하루를 보내셨군요.,
엿같아,안좋은 하루를 보내셨군요.,
열받아,안좋은 하루를 보내셨군요.,
죽을거같아,안좋은 하루를 보내셨군요.,
짜증나서 죽을거같아,안좋은 하루를 보내셨군요.,
열받아서 죽을거같아,안좋은 하루를 보내셨군요.,
다 때려치고 싶어,안좋은 하루를 보내셨군요.,
개별로야,안좋은 하루를 보내셨군요.,
말하고 싶지 않아,안좋은 하루를 보내셨군요.,
술이 땡겨,안좋은 하루를 보내셨군요.,
우울해,안좋은 하루를 보내셨군요.,
너무 슬퍼,안좋은 하루를 보내셨군요.,
슬프고 지쳐,안좋은 하루를 보내셨군요.,
지쳐,안좋은 하루를 보내셨군요.,
힘들어,안좋은 하루를 보내셨군요.,
너무 힘들어,안좋은 하루를 보내셨군요.,
안좋아서 술이 마시고 싶어,안좋은 하루를 보내셨군요.,
우울하고 엿같아,안좋은 하루를 보내셨군요.,
존나 슬퍼,안좋은 하루를 보내셨군요.,
존나 피곤해,안좋은 하루를 보내셨군요.,
피곤해,안좋은 하루를 보내셨군요.,
존나 별로,안좋은 하루를 보내셨군요.,
기분이 안좋아,안좋은 하루를 보내셨군요.,
기분이 별로야,안좋은 하루를 보내셨군요.,
기분이 그닥 좋지 않아,안좋은 하루를 보내셨군요.,
좋지 않아,안좋은 하루를 보내셨군요.,
좋지 않은거같아,안좋은 하루를 보내셨군요.,
안좋은거같아,안좋은 하루를 보내셨군요.,
우울하네,안좋은 하루를 보내셨군요.,
조금 우울하네,안좋은 하루를 보내셨군요.,
피곤하네,안좋은 하루를 보내셨군요.,
슬프네,안좋은 하루를 보내셨군요.,
축 쳐진다,안좋은 하루를 보내셨군요.,
축 쳐지네,안좋은 하루를 보내셨군요.,
쳐지네,안좋은 하루를 보내셨군요.,
좀 별로야,안좋은 하루를 보내셨군요.,
좀 안좋아,안좋은 하루를 보내셨군요.,
안괜찮아,안좋은 하루를 보내셨군요.,
괜찮지 않아,안좋은 하루를 보내셨군요.,
전혀 안괜찮아 ,안좋은 하루를 보내셨군요.,
안괜찮습니다,안좋은 하루를 보내셨군요.,
괜찮지않아요,안좋은 하루를 보내셨군요.,
나빠,안좋은 하루를 보내셨군요.,
기분 나빠,안좋은 하루를 보내셨군요.,
기분이 매우 나빠,안좋은 하루를 보내셨군요.,
나쁩니다,안좋은 하루를 보내셨군요.,
매우 나빠요,안좋은 하루를 보내셨군요.,
매우 나빠요,안좋은 하루를 보내셨군요.,
너무 안좋아,안좋은 하루를 보내셨군요.,
너무 별로야,안좋은 하루를 보내셨군요.,
최악,안좋은 하루를 보내셨군요.,
최악이야,안좋은 하루를 보내셨군요.,
최악이었어,안좋은 하루를 보내셨군요.,
완전 최악,안좋은 하루를 보내셨군요.,
오늘 완전 별로였어,안좋은 하루를 보내셨군요.,
오늘 완전 피곤했어,안좋은 하루를 보내셨군요.,
오늘 기분이 나빴어,안좋은 하루를 보내셨군요.,
오늘 하루 기분이 안좋았어,안좋은 하루를 보내셨군요.,
하루 별로였어,안좋은 하루를 보내셨군요.,
하루 종일 안좋았어,안좋은 하루를 보내셨군요.,
하루 종일 좋지 않았어,안좋은 하루를 보내셨군요.,
하루 종일 힘들었어,안좋은 하루를 보내셨군요.,
정신 없었어,안좋은 하루를 보내셨군요.,
내내 우울했어,안좋은 하루를 보내셨군요.,
내내 안좋았어,안좋은 하루를 보내셨군요.,
완전 좋았어,그런날에는 술을 즐겨야죠!,
좋았어,그런날에는 술을 즐겨야죠!,
기분 좋았어,그런날에는 술을 즐겨야죠!,
기분 좋아,그런날에는 술을 즐겨야죠!,
좋아,그런날에는 술을 즐겨야죠!,
최고야,그런날에는 술을 즐겨야죠!,
째져,그런날에는 술을 즐겨야죠!,
최고,그런날에는 술을 즐겨야죠!,
완전 좋아,그런날에는 술을 즐겨야죠!,
완벽해,그런날에는 술을 즐겨야죠!,
완벽했어,그런날에는 술을 즐겨야죠!,
너무너무 좋아,그런날에는 술을 즐겨야죠!,
너무 행복해,그런날에는 술을 즐겨야죠!,
행복해,그런날에는 술을 즐겨야죠!,
날아갈거같아,그런날에는 술을 즐겨야죠!,
너무 좋다,그런날에는 술을 즐겨야죠!,
너무 좋아,그런날에는 술을 즐겨야죠!,
환상적이야,그런날에는 술을 즐겨야죠!,
환상적이었어,그런날에는 술을 즐겨야죠!,
기뻤어,그런날에는 술을 즐겨야죠!,
행복했어,그런날에는 술을 즐겨야죠!,
기분이 좋았어,그런날에는 술을 즐겨야죠!,
기분이 좋아,그런날에는 술을 즐겨야죠!,
기분이 째져,그런날에는 술을 즐겨야죠!,
아 완벽해,그런날에는 술을 즐겨야죠!,
행복하다,그런날에는 술을 즐겨야죠!,
예쓰,그런날에는 술을 즐겨야죠!,
ㅎㅎㅎㅎㅎ,그런날에는 술을 즐겨야죠!,
ㅋㅋㅋㅋㅋ,그런날에는 술을 즐겨야죠!,
진짜 좋다,그런날에는 술을 즐겨야죠!,
진짜 좋아,그런날에는 술을 즐겨야죠!,
텐션 미쳤어,그런날에는 술을 즐겨야죠!,
텐션 높아,그런날에는 술을 즐겨야죠!,
텐션이 아주 높아,그런날에는 술을 즐겨야죠!,
텐션이 하늘을 찔러,그런날에는 술을 즐겨야죠!,
힘차,그런날에는 술을 즐겨야죠!,
기운 넘쳐,그런날에는 술을 즐겨야죠!,
뭐든 할 수 있을 것 같아,그런날에는 술을 즐겨야죠!,
완전 행복한거있지,그런날에는 술을 즐겨야죠!,
행복 그자체,그런날에는 술을 즐겨야죠!,
추억 가득한 날이었어,그런날에는 술을 즐겨야죠!,
잊지못할거같아,그런날에는 술을 즐겨야죠!,
기분이 올해들어 가장 좋아,그런날에는 술을 즐겨야죠!,
올해에 가장 행복했어,그런날에는 술을 즐겨야죠!,
춤이 절로 나와,그런날에는 술을 즐겨야죠!,
춤이 쳐져,그런날에는 술을 즐겨야죠!,
너무 행복한거 있지,그런날에는 술을 즐겨야죠!,
기념하고 싶어,그런날에는 술을 즐겨야죠!,
그냥 그래,그런날에는 술을 즐겨야죠!,
보통이야,그런날에는 술을 즐겨야죠!,
그럭저럭,그런날에는 술을 즐겨야죠!,
기분이 보통이야,그런날에는 술을 즐겨야죠!,
좋지도 나쁘지도 않아,그런날에는 술을 즐겨야죠!,
딱 중간이야,그런날에는 술을 즐겨야죠!,
중간,그런날에는 술을 즐겨야죠!,
낫밷,그런날에는 술을 즐겨야죠!,
낫배드,그런날에는 술을 즐겨야죠!,
기분 보통,그런날에는 술을 즐겨야죠!,
기분 중간,그런날에는 술을 즐겨야죠!,
왔다갔다 해,그런날에는 술을 즐겨야죠!,
오락가락,그런날에는 술을 즐겨야죠!,
들쑥날쑥,그런날에는 술을 즐겨야죠!,
좋았다 나빴다,그런날에는 술을 즐겨야죠!,
좋고 나쁘고,그런날에는 술을 즐겨야죠!,
좋 나쁘,그런날에는 술을 즐겨야죠!,
좋지도 나쁘지도,그런날에는 술을 즐겨야죠!,
딱 좋아,그런날에는 술을 즐겨야죠!,
딱이야,그런날에는 술을 즐겨야죠!,